<?xml version="1.0" encoding="UTF-8" standalone="yes"?>
<addon id="RepositorioOldQueenTv" name="OldQueenTv Repo" version="1.0.0" provider-name="DaQueenQueen ShadowYonga Rocio">
    <extension point="xbmc.addon.repository" name="OldQueenTv Repo">
        <info compressed="false">https://raw.githubusercontent.com/daqueenqueen666/oldqueetv/main/_repo/addons.xml</info>
        <checksum>https://raw.githubusercontent.com/daqueenqueen666/oldqueetv/main/_repo/addons.md5</checksum>
        <datadir zip="true">https://github.com/daqueenqueen666/oldqueetv/blob/main/_repo/</datadir>
    </extension>
    <extension point="xbmc.addon.metadata">
        <summary>Repositorio del addon</summary>
        <description></description>
        <disclaimer></disclaimer>
        <platform>all</platform>
    </extension>
</addon>
